nodes,runs,convergence_mean_s,convergence_median_s,convergence_ci95_s,converged_runs,quorum_attempt_success_mean_pct,quorum_attempt_success_median_pct,quorum_attempt_success_ci95_pct,quorum_path_fraction_mean_pct,final_coverage_mean_pct
5,5,18.81142857142857,18.857142857142858,0.7124555845805407,5,25.31840624793418,13.26530612244898,25.104185296098816,0.3328732656349075,60.0
50,5,18.4,18.4,0.17530772943598444,5,49.48417158550005,41.288782816229116,16.427379572780183,0.470685041856521,100.0
100,5,18.44,18.4,0.2285733142779365,5,77.5040806267341,77.47126436781609,4.008775880275856,0.45532657628102546,100.0
250,5,18.44,18.4,0.2285733142779365,5,87.47500986224505,87.64822134387352,1.0356651982196066,0.46184162161998127,100.0
500,5,18.4,18.4,0.17530772943598444,5,92.67356884784223,92.33716475095785,0.6899207414381029,0.4598426938608166,100.0
1000,5,18.76,18.8,0.14667296956153797,5,93.29916125626337,93.315649867374,0.17073878538494686,0.4628693694893867,100.0
