scenario,protocol,attempts,successes,success_rate,mean_ms,median_ms,p95_ms,qps
mDNS_OS_Baseline,mDNS,20,20,100.0,90.91262109977833,65.70970700158796,381.8135550027364,
MeshDNS_Warm_Cache,MeshDNS_Warm,10,10,100.0,0.456,0.45,0.47,
MeshDNS_Cold_BFT,MeshDNS_Cold_BFT,1,1,100.0,1392.87,1392.87,1392.87,
MeshDNS_Stress,MeshDNS_Stress,500,399,79.80000000000001,0.43360902255639094,0.43360902255639094,0.0,11.301692410795225
MeshDNS_Byzantine,MeshDNS_Cold_BFT,1,1,100.0,1418.76,1418.76,1418.76,
